<?xml version="1.0" encoding="UTF-8" standalone="yes"?>
<character>
    <BLANKSPELLS>
        <item></item>
    </BLANKSPELLS>
    <BLANKSPELLS>
        <item></item>
    </BLANKSPELLS>
    <BLANKSPELLS>
        <item></item>
    </BLANKSPELLS>
    <BLANKSPELLS>
        <item></item>
    </BLANKSPELLS>
    <BLANKSPELLS>
        <item></item>
    </BLANKSPELLS>
    <BLANKSPELLS>
        <item></item>
    </BLANKSPELLS>
    <BLANKSPELLS>
        <item></item>
    </BLANKSPELLS>
    <BLANKSPELLS>
        <item></item>
    </BLANKSPELLS>
    <BLANKSPELLS>
        <item></item>
    </BLANKSPELLS>
    <BLANKSPELLS>
        <item></item>
    </BLANKSPELLS>
    <xp>0</xp>
    <dataList>
        <entry>
            <key>wisdomMod</key>
            <value>-1</value>
        </entry>
        <entry>
            <key>spellCastingAbility</key>
            <value></value>
        </entry>
        <entry>
            <key>inspiration</key>
            <value></value>
        </entry>
        <entry>
            <key>revoAbilityAttackMod</key>
            <value></value>
        </entry>
        <entry>
            <key>intelligenceMod</key>
            <value>-1</value>
        </entry>
        <entry>
            <key>wisdomAbility</key>
            <value>8</value>
        </entry>
        <entry>
            <key>speed</key>
            <value></value>
        </entry>
        <entry>
            <key>proficiency</key>
            <value></value>
        </entry>
        <entry>
            <key>dexterityAbility</key>
            <value>8</value>
        </entry>
        <entry>
            <key>interfacingMod</key>
            <value>-1</value>
        </entry>
        <entry>
            <key>currentStaminaPoints</key>
            <value></value>
        </entry>
        <entry>
            <key>maxStaminaPoints</key>
            <value></value>
        </entry>
        <entry>
            <key>revoAbilitySaveDC</key>
            <value></value>
        </entry>
        <entry>
            <key>interfacingAbility</key>
            <value>8</value>
        </entry>
        <entry>
            <key>strengthMod</key>
            <value>-1</value>
        </entry>
        <entry>
            <key>textArea1</key>
            <value></value>
        </entry>
        <entry>
            <key>variant</key>
            <value></value>
        </entry>
        <entry>
            <key>textArea2</key>
            <value></value>
        </entry>
        <entry>
            <key>rank</key>
            <value></value>
        </entry>
        <entry>
            <key>textArea3</key>
            <value></value>
        </entry>
        <entry>
            <key>charismaMod</key>
            <value>-1</value>
        </entry>
        <entry>
            <key>constitutionAbility</key>
            <value>8</value>
        </entry>
        <entry>
            <key>intelligenceAbility</key>
            <value>8</value>
        </entry>
        <entry>
            <key>class</key>
            <value></value>
        </entry>
        <entry>
            <key>strengthAbility</key>
            <value>8</value>
        </entry>
        <entry>
            <key>constitutionMod</key>
            <value>-1</value>
        </entry>
        <entry>
            <key>ac</key>
            <value></value>
        </entry>
        <entry>
            <key>maxHitPoints</key>
            <value></value>
        </entry>
        <entry>
            <key>level</key>
            <value></value>
        </entry>
        <entry>
            <key>charismaAbility</key>
            <value>8</value>
        </entry>
        <entry>
            <key>title1</key>
            <value>Changeable Title</value>
        </entry>
        <entry>
            <key>title2</key>
            <value>Changeable Title</value>
        </entry>
        <entry>
            <key>agentNumber</key>
            <value></value>
        </entry>
        <entry>
            <key>dexterityMod</key>
            <value>-1</value>
        </entry>
        <entry>
            <key>currentHitPoints</key>
            <value></value>
        </entry>
        <entry>
            <key>money</key>
            <value></value>
        </entry>
        <entry>
            <key>species</key>
            <value></value>
        </entry>
        <entry>
            <key>name</key>
            <value></value>
        </entry>
        <entry>
            <key>xp</key>
            <value></value>
        </entry>
    </dataList>
    <buttonList>
        <entry>
            <key>Investigation (INT)</key>
            <value>0</value>
        </entry>
        <entry>
            <key>constitution</key>
            <value>0</value>
        </entry>
        <entry>
            <key>strength</key>
            <value>0</value>
        </entry>
        <entry>
            <key>Religion (INT)</key>
            <value>0</value>
        </entry>
        <entry>
            <key>Survival (WIS)</key>
            <value>0</value>
        </entry>
        <entry>
            <key>wisdom</key>
            <value>0</value>
        </entry>
        <entry>
            <key>Mechanics (INF)</key>
            <value>0</value>
        </entry>
        <entry>
            <key>Perception (WIS)</key>
            <value>0</value>
        </entry>
        <entry>
            <key>Performance (CHA)</key>
            <value>0</value>
        </entry>
        <entry>
            <key>Insight (WIS)</key>
            <value>0</value>
        </entry>
        <entry>
            <key>Acrobatics (DEX)</key>
            <value>0</value>
        </entry>
        <entry>
            <key>Programming (INF)</key>
            <value>0</value>
        </entry>
        <entry>
            <key>History (INT)</key>
            <value>0</value>
        </entry>
        <entry>
            <key>Stealth (DEX)</key>
            <value>0</value>
        </entry>
        <entry>
            <key> Deception (CHA)</key>
            <value>0</value>
        </entry>
        <entry>
            <key>Intimidation (CHA)</key>
            <value>0</value>
        </entry>
        <entry>
            <key>Persuasion (CHA)</key>
            <value>0</value>
        </entry>
        <entry>
            <key>Sleight of Hand (DEX)</key>
            <value>0</value>
        </entry>
        <entry>
            <key>Nature (INT)</key>
            <value>0</value>
        </entry>
        <entry>
            <key>Vehicle Handling (INF)</key>
            <value>0</value>
        </entry>
        <entry>
            <key>intelligence</key>
            <value>0</value>
        </entry>
        <entry>
            <key>dexterity</key>
            <value>0</value>
        </entry>
        <entry>
            <key>Medicine (WIS)</key>
            <value>0</value>
        </entry>
        <entry>
            <key>charaisma</key>
            <value>0</value>
        </entry>
        <entry>
            <key>Athletics (STR)</key>
            <value>0</value>
        </entry>
        <entry>
            <key>interfacing</key>
            <value>0</value>
        </entry>
        <entry>
            <key> Animal Handling (WIS)</key>
            <value>0</value>
        </entry>
    </buttonList>
    <mainTable>
        <item></item>
        <item></item>
        <item></item>
        <item></item>
        <item></item>
        <item></item>
    </mainTable>
    <mainTable>
        <item></item>
        <item></item>
        <item></item>
        <item></item>
        <item></item>
        <item></item>
    </mainTable>
    <mainTable>
        <item></item>
        <item></item>
        <item></item>
        <item></item>
        <item></item>
        <item></item>
    </mainTable>
    <mainTable>
        <item></item>
        <item></item>
        <item></item>
        <item></item>
        <item></item>
        <item></item>
    </mainTable>
    <mainTable>
        <item></item>
        <item></item>
        <item></item>
        <item></item>
        <item></item>
        <item></item>
    </mainTable>
    <mainTable>
        <item></item>
        <item></item>
        <item></item>
        <item></item>
        <item></item>
        <item></item>
    </mainTable>
    <mainTable>
        <item></item>
        <item></item>
        <item></item>
        <item></item>
        <item></item>
        <item></item>
    </mainTable>
    <mainTable>
        <item></item>
        <item></item>
        <item></item>
        <item></item>
        <item></item>
        <item></item>
    </mainTable>
    <hitDice>0</hitDice>
    <deathList>
        <entry>
            <key>failure3</key>
            <value>false</value>
        </entry>
        <entry>
            <key>failure2</key>
            <value>false</value>
        </entry>
        <entry>
            <key>success3</key>
            <value>false</value>
        </entry>
        <entry>
            <key>success1</key>
            <value>false</value>
        </entry>
        <entry>
            <key>success2</key>
            <value>false</value>
        </entry>
        <entry>
            <key>failure1</key>
            <value>false</value>
        </entry>
    </deathList>
    <spellList>
        <entry>
            <key>0</key>
            <value>
                <item>
                    <item></item>
                </item>
                <item>
                    <item></item>
                </item>
                <item>
                    <item></item>
                </item>
                <item>
                    <item></item>
                </item>
                <item>
                    <item></item>
                </item>
                <item>
                    <item></item>
                </item>
                <item>
                    <item></item>
                </item>
                <item>
                    <item></item>
                </item>
                <item>
                    <item></item>
                </item>
                <item>
                    <item></item>
                </item>
            </value>
        </entry>
        <entry>
            <key>1</key>
            <value>
                <item>
                    <item></item>
                </item>
                <item>
                    <item></item>
                </item>
                <item>
                    <item></item>
                </item>
                <item>
                    <item></item>
                </item>
                <item>
                    <item></item>
                </item>
                <item>
                    <item></item>
                </item>
                <item>
                    <item></item>
                </item>
                <item>
                    <item></item>
                </item>
                <item>
                    <item></item>
                </item>
                <item>
                    <item></item>
                </item>
            </value>
        </entry>
        <entry>
            <key>2</key>
            <value>
                <item>
                    <item></item>
                </item>
                <item>
                    <item></item>
                </item>
                <item>
                    <item></item>
                </item>
                <item>
                    <item></item>
                </item>
                <item>
                    <item></item>
                </item>
                <item>
                    <item></item>
                </item>
                <item>
                    <item></item>
                </item>
                <item>
                    <item></item>
                </item>
                <item>
                    <item></item>
                </item>
                <item>
                    <item></item>
                </item>
            </value>
        </entry>
        <entry>
            <key>3</key>
            <value>
                <item>
                    <item></item>
                </item>
                <item>
                    <item></item>
                </item>
                <item>
                    <item></item>
                </item>
                <item>
                    <item></item>
                </item>
                <item>
                    <item></item>
                </item>
                <item>
                    <item></item>
                </item>
                <item>
                    <item></item>
                </item>
                <item>
                    <item></item>
                </item>
                <item>
                    <item></item>
                </item>
                <item>
                    <item></item>
                </item>
            </value>
        </entry>
        <entry>
            <key>4</key>
            <value>
                <item>
                    <item></item>
                </item>
                <item>
                    <item></item>
                </item>
                <item>
                    <item></item>
                </item>
                <item>
                    <item></item>
                </item>
                <item>
                    <item></item>
                </item>
                <item>
                    <item></item>
                </item>
                <item>
                    <item></item>
                </item>
                <item>
                    <item></item>
                </item>
                <item>
                    <item></item>
                </item>
                <item>
                    <item></item>
                </item>
            </value>
        </entry>
        <entry>
            <key>5</key>
            <value>
                <item>
                    <item></item>
                </item>
                <item>
                    <item></item>
                </item>
                <item>
                    <item></item>
                </item>
                <item>
                    <item></item>
                </item>
                <item>
                    <item></item>
                </item>
                <item>
                    <item></item>
                </item>
                <item>
                    <item></item>
                </item>
                <item>
                    <item></item>
                </item>
                <item>
                    <item></item>
                </item>
                <item>
                    <item></item>
                </item>
            </value>
        </entry>
        <entry>
            <key>6</key>
            <value>
                <item>
                    <item></item>
                </item>
                <item>
                    <item></item>
                </item>
                <item>
                    <item></item>
                </item>
                <item>
                    <item></item>
                </item>
                <item>
                    <item></item>
                </item>
                <item>
                    <item></item>
                </item>
                <item>
                    <item></item>
                </item>
                <item>
                    <item></item>
                </item>
                <item>
                    <item></item>
                </item>
                <item>
                    <item></item>
                </item>
            </value>
        </entry>
        <entry>
            <key>7</key>
            <value>
                <item>
                    <item></item>
                </item>
                <item>
                    <item></item>
                </item>
                <item>
                    <item></item>
                </item>
                <item>
                    <item></item>
                </item>
                <item>
                    <item></item>
                </item>
                <item>
                    <item></item>
                </item>
                <item>
                    <item></item>
                </item>
                <item>
                    <item></item>
                </item>
                <item>
                    <item></item>
                </item>
                <item>
                    <item></item>
                </item>
            </value>
        </entry>
        <entry>
            <key>8</key>
            <value>
                <item>
                    <item></item>
                </item>
                <item>
                    <item></item>
                </item>
                <item>
                    <item></item>
                </item>
                <item>
                    <item></item>
                </item>
                <item>
                    <item></item>
                </item>
                <item>
                    <item></item>
                </item>
                <item>
                    <item></item>
                </item>
                <item>
                    <item></item>
                </item>
                <item>
                    <item></item>
                </item>
                <item>
                    <item></item>
                </item>
            </value>
        </entry>
        <entry>
            <key>9</key>
            <value>
                <item>
                    <item></item>
                </item>
                <item>
                    <item></item>
                </item>
                <item>
                    <item></item>
                </item>
                <item>
                    <item></item>
                </item>
                <item>
                    <item></item>
                </item>
                <item>
                    <item></item>
                </item>
                <item>
                    <item></item>
                </item>
                <item>
                    <item></item>
                </item>
                <item>
                    <item></item>
                </item>
                <item>
                    <item></item>
                </item>
            </value>
        </entry>
    </spellList>
</character>
